[
  {
    "name": "1ª equipación Real Madrid 22/23",
    "team": "Real Madrid",
    "price": 45,
    "league":"646e1bfa0d0f54718279d04f",
    "league_name":"laliga",
    "sizes":["S", "M", "L", "XL", "2XL","3XL"],
    "img": "madrid_1.jpg"
  },
  {
    "name": "2ª equipación Real Madrid 22/23",
    "team": "Real Madrid",
    "price": 45,
    "league":"646e1bfa0d0f54718279d04f",
    "league_name":"laliga",
    "sizes":["S", "M", "L", "XL", "2XL","3XL"],
    "img": "madrid_2.jpg"
  },
  {
    "name": "1ª equipación FC Barcelona 22/23",
    "team": "FC Barcelona",
    "price": 45,
    "league":"646e1bfa0d0f54718279d04f",
    "league_name":"laliga",
    "sizes":["S", "M", "L", "XL", "2XL","3XL"],
    "img": "barcelona_1.jpg"
  },
  {
    "name": "2ª equipación FC Barcelona 22/23",
    "team": "FC Barcelona",
    "price": 45,
    "league":"646e1bfa0d0f54718279d04f",
    "league_name":"laliga",
    "sizes":["S", "M", "L", "XL", "2XL","3XL"],
    "img": "barcelona_2.jpg"
  },
  {
    "name": "1ª equipación Atlético Madrid 22/23",
    "team": "Atlético Madrid",
    "price": 45,
    "league":"646e1bfa0d0f54718279d04f",
    "league_name":"laliga",
    "sizes":["S", "M", "L", "XL", "2XL","3XL"],
    "img": "a.madrid_1.jpg"
  },
  {
    "name": "2ª equipación Atlético Madrid 22/23",
    "team": "Atlético Madrid",
    "price": 45,
    "league":"646e1bfa0d0f54718279d04f",
    "league_name":"laliga",
    "sizes":["S", "M", "L", "XL", "2XL","3XL"],
    "img": "a.madrid_2.jpg"
  },
  {
    "name": "1ª equipación Sevilla 22/23",
    "team": "Sevilla",
    "price": 45,
    "league":"646e1bfa0d0f54718279d04f",
    "league_name":"laliga",
    "sizes":["S", "M", "L", "XL", "2XL","3XL"],
    "img": "sevilla_1.jpg"
  },
  {
    "name": "2ª equipación Sevilla 22/23",
    "team": "Sevilla",
    "price": 45,
    "league":"646e1bfa0d0f54718279d04f",
    "league_name":"laliga",
    "sizes":["S", "M", "L", "XL", "2XL","3XL"],
    "img": "sevilla_2.jpg"
  },
  {
    "name": "1ª equipación Betis 22/23",
    "team": "Betis",
    "price": 45,
    "league":"646e1bfa0d0f54718279d04f",
    "league_name":"laliga",
    "sizes":["S", "M", "L", "XL", "2XL","3XL"],
    "img": "betis_1.jpg"
  },
  {
    "name": "2ª equipación Betis 22/23",
    "team": "Betis",
    "price": 45,
    "league":"646e1bfa0d0f54718279d04f",
    "league_name":"laliga",
    "sizes":["S", "M", "L", "XL", "2XL","3XL"],
    "img": "betis_2.jpg"
  },
  {
    "name": "1ª equipación PSG 22/23",
    "team": "PSG",
    "price": 45,
    "league":"646e1c840d0f54718279d065",
    "league_name":"ligue1",
    "sizes":["S", "M", "L", "XL", "2XL","3XL"],
    "img": "psg_1.jpg"
  },
  {

    "name": "2ª equipación PSG 22/23",
    "team": "PSG",
    "price": 45,
    "league":"646e1c840d0f54718279d065",
    "league_name":"ligue1",
    "sizes":["S", "M", "L", "XL", "2XL","3XL"],
    "img": "psg_2.jpg"
  },
  {
    "name": "1ª equipación Tottenham 22/23",
    "team": "Tottenham",
    "price": 45,
    "league":"646e1bee0d0f54718279d04c",
    "league_name":"premier league",
    "sizes":["S", "M", "L", "XL", "2XL","3XL"],
    "img": "totteham_1.jpg"
  },
  {
    "name": "2ª equipación Tottenham 22/23",
    "team": "Tottenham",
    "price": 45,
    "league":"646e1bee0d0f54718279d04c",
    "league_name":"premier league",
    "sizes":["S", "M", "L", "XL", "2XL","3XL"],
    "img": "totteham_2.jpg"
  },
  {
    "name": "1ª equipación Manchester City 22/23",
    "team": "Manchester City",
    "price": 45,
    "league":"646e1bee0d0f54718279d04c",
    "league_name":"premier league",
    "sizes":["S", "M", "L", "XL", "2XL","3XL"],
    "img": "city_1.jpg"
  },
  {
    "name": "2ª equipación Manchester City 22/23",
    "team": "Manchester City",
    "price": 45,
    "league":"646e1bee0d0f54718279d04c",
    "league_name":"premier league",
    "sizes":["S", "M", "L", "XL", "2XL","3XL"],
    "img": "city_2.jpg"
  },
  {
    "name": "1ª equipación Chelsea 22/23",
    "team": "Chelsea",
    "price": 45,
    "league":"646e1bee0d0f54718279d04c",
    "league_name":"premier league",
    "sizes":["S", "M", "L", "XL", "2XL","3XL"],
    "img": "chelsea_1.jpg"
  },
  {
    "name": "2ª equipación Chelsea 22/23",
    "team": "Chelsea",
    "price": 45,
    "league":"646e1bee0d0f54718279d04c",
    "league_name":"premier league",
    "sizes":["S", "M", "L", "XL", "2XL","3XL"],
    "img": "chelsea_2.jpg"
  },
  {
    "name": "1ª equipación Liverpool 22/23",
    "team": "Liverpool",
    "price": 45,
    "league":"646e1bee0d0f54718279d04c",
    "league_name":"premier league",
    "sizes":["S", "M", "L", "XL", "2XL","3XL"],
    "img": "liverpool_1.jpg"
  },
  {
    "name": "2ª equipación Liverpool 22/23",
    "team": "Liverpool",
    "price": 45,
    "league":"646e1bee0d0f54718279d04c",
    "league_name":"premier league",
    "sizes":["S", "M", "L", "XL", "2XL","3XL"],
    "img": "liverpool_2.jpg"
  },
  {
    "name": "1ª equipación Bayern Munich 22/23",
    "team": "Bayern Munich",
    "price": 45,
    "league":"646e1ba10d0f54718279d03a",
    "league_name":"bundesliga",
    "sizes":["S", "M", "L", "XL", "2XL","3XL"],
    "img": "bayern_1.jpg"
  },
  {
    "name": "2ª equipación Bayern Munich 22/23",
    "team": "Bayern Munich",
    "price": 45,
    "league":"646e1ba10d0f54718279d03a",
    "league_name":"bundesliga",
    "sizes":["S", "M", "L", "XL", "2XL","3XL"],
    "img": "bayern_2.jpg"
  },
  {
    "name": "1ª equipación Borrusia Dortmund 22/23",
    "team": "Borrusia Dortmund",
    "price": 45,
    "league":"646e1ba10d0f54718279d03a",
    "league_name":"bundesliga",
    "sizes":["S", "M", "L", "XL", "2XL","3XL"],
    "img": "borrusia_1.jpg"
  },
  {
    "name": "2ª equipación Borrusia Dortmund 22/23",
    "team": "Borrusia Dortmund",
    "price": 45,
    "league":"646e1ba10d0f54718279d03a",
    "league_name":"bundesliga",
    "sizes":["S", "M", "L", "XL", "2XL","3XL"],
    "img": "borrusia_2.jpg"
  },
  {
    "name": "1ª equipación Juventus 22/23",
    "team": "Juventus",
    "price": 45,
    "league":"646e1c080d0f54718279d052",
    "league_name":"serie a",
    "sizes":["S", "M", "L", "XL", "2XL","3XL"],
    "img": "juventus_1.jpg"
  },
  {
    "name": "2ª equipación Juventus 22/23",
    "team": "Juventus",
    "price": 45,
    "league":"646e1c080d0f54718279d052",
    "league_name":"serie a",
    "sizes":["S", "M", "L", "XL", "2XL","3XL"],
    "img": "juventus_2.jpg"
  },
  {
    "name": "1ª equipación Milan 22/23",
    "team": "Milan",
    "price": 45,
    "league":"646e1c080d0f54718279d052",
    "league_name":"serie a",
    "sizes":["S", "M", "L", "XL", "2XL","3XL"],
    "img": "milan_1.jpg"
  },
  {
    "name": "2ª equipación Milan 22/23",
    "team": "Milan",
    "price": 45,
    "league":"646e1c080d0f54718279d052",
    "league_name":"serie a",
    "sizes":["S", "M", "L", "XL", "2XL","3XL"],
    "img": "milan_2.jpg"
  },
  {
    "name": "1ª equipación Inter  Milan 22/23",
    "team": "Inter Milan",
    "price": 45,
    "league":"646e1c080d0f54718279d052",
    "league_name":"serie a",
    "sizes":["S", "M", "L", "XL", "2XL","3XL"],
    "img": "inter_1.jpg"
  },
  {
    "name": "2ª equipación Inter Milan 22/23",
    "team": "Inter Milan",
    "price": 45,
    "league":"646e1c080d0f54718279d052",
    "league_name":"serie a",
    "sizes":["S", "M", "L", "XL", "2XL","3XL"],
    "img": "inter_2.jpg"
  },
  {
    "name": "1ª equipación Fiorentina 22/23",
    "team": "Fiorentina",
    "price": 45,
    "league":"646e1c080d0f54718279d052",
    "league_name":"serie a",
    "sizes":["S", "M", "L", "XL", "2XL","3XL"],
    "img": "fiorentina_1.jpg"
  },
  {
    "name": "2ª equipación Fiorentina 22/23",
    "team": "Fiorentina",
    "price": 45,
    "league":"646e1c080d0f54718279d052",
    "league_name":"serie a",
    "sizes":["S", "M", "L", "XL", "2XL","3XL"],
    "img": "fiorentina_2.jpg"
  },
  {
    "name": "1ª equipación Roma 22/23",
    "team": "Roma",
    "price": 45,
    "league":"646e1c080d0f54718279d052",
    "league_name":"serie a",
    "sizes":["S", "M", "L", "XL", "2XL","3XL"],
    "img": "roma_1.jpg"
  },
  {
    "name": "2ª equipación Roma 22/23",
    "team": "Roma",
    "price": 45,
    "league":"646e1c080d0f54718279d052",
    "league_name":"serie a",
    "sizes":["S", "M", "L", "XL", "2XL","3XL"],
    "img": "roma_2.jpg"
  }
]