[
  {
    "id": 1,
    "name": "1ª equipación Real Madrid 22/23",
    "team": "Real Madrid",
    "price": 140,
    "priceOffer": 45,
    "img": "real_madrid_1.jpg"
  },
  {
    "id": 2,
    "name": "2ª equipación Real Madrid 22/23",
    "team": "Real Madrid",
    "price": 200,
    "priceOffer": 45,
    "img": "real_madrid_2.jpg"
  },
  {
    "id": 3,
    "name": "1ª equipación FC Barcelona 22/23",
    "team": "FC Barcelona",
    "price": 145,
    "priceOffer": 45,
    "img": ""
  },
  {
    "id": 4,
    "name": "2ª equipación FC Barcelona 22/23",
    "team": "FC Barcelona",
    "price": 200,
    "priceOffer": 45,
    "img": ".jpg"
  },
  {
    "id": 5,
    "name": "1ª equipación Atlético Madrid 22/23",
    "team": "Atlético Madrid",
    "price": 200,
    "priceOffer": 45,
    "img": ".jpg"
  },
  {
    "id": 6,
    "name": "2ª equipación Atlético Madrid 22/23",
    "team": "Atlético Madrid",
    "price": 200,
    "priceOffer": 45,
    "img": ".jpg"
  },
  {
    "id": 7,
    "name": "1ª equipación Sevilla 22/23",
    "team": "Sevilla",
    "price": 200,
    "priceOffer": 45,
    "img": ".jpg"
  },
  {
    "id": 8,
    "name": "2ª equipación Sevilla 22/23",
    "team": "Sevilla",
    "price": 200,
    "priceOffer": 45,
    "img": ".jpg"
  },
  {
    "id": 9,
    "name": "1ª equipación PSG 22/23",
    "team": "PSG",
    "price": 200,
    "priceOffer": 45,
    "img": ".jpg"
  },
  {
    "id": 10,
    "name": "2ª equipación PSG 22/23",
    "team": "PSG",
    "price": 200,
    "priceOffer": 45,
    "img": ".jpg"
  },
  {
    "id": 11,
    "name": "1ª equipación Tottenham 22/23",
    "team": "Tottenham",
    "price": 200,
    "priceOffer": 45,
    "img": ".jpg"
  },
  {
    "id": 12,
    "name": "2ª equipación Tottenham 22/23",
    "team": "Tottenham",
    "price": 200,
    "priceOffer": 45,
    "img": ".jpg"
  },
  {
    "id": 13,
    "name": "1ª equipación Manchester City 22/23",
    "team": "Manchester City",
    "price": 200,
    "priceOffer": 45,
    "img": ".jpg"
  },
  {
    "id": 14,
    "name": "2ª equipación Manchester City 22/23",
    "team": "Manchester City",
    "price": 200,
    "priceOffer": 45,
    "img": ".jpg"
  },
  {
    "id": 15,
    "name": "1ª equipación Chelsea 22/23",
    "team": "Chelsea",
    "price": 200,
    "priceOffer": 45,
    "img": ".jpg"
  },
  {
    "id": 16,
    "name": "2ª equipación Chelsea 22/23",
    "team": "Chelsea",
    "price": 200,
    "priceOffer": 45,
    "img": ".jpg"
  },
  {
    "id": 17,
    "name": "1ª equipación Liverpool 22/23",
    "team": "Liverpool",
    "price": 200,
    "priceOffer": 45,
    "img": ".jpg"
  },
  {
    "id": 18,
    "name": "2ª equipación Liverpool 22/23",
    "team": "Liverpool",
    "price": 200,
    "priceOffer": 45,
    "img": ".jpg"
  },
  {
    "id": 19,
    "name": "1ª equipación Bayern Munich 22/23",
    "team": "Bayern Munich",
    "price": 200,
    "priceOffer": 45,
    "img": ".jpg"
  },
  {
    "id": 20,
    "name": "2ª equipación Bayern Munich 22/23",
    "team": "Bayern Munich",
    "price": 200,
    "priceOffer": 45,
    "img": ".jpg"
  },
  {
    "id": 21,
    "name": "1ª equipación Borrusia Dortmund 22/23",
    "team": "Bayern Munich",
    "price": 200,
    "priceOffer": 45,
    "img": ".jpg"
  },
  {
    "id": 22,
    "name": "2ª equipación Borrusia Dortmund 22/23",
    "team": "Borrusia Dortmund",
    "price": 200,
    "priceOffer": 45,
    "img": ".jpg"
  },
  {
    "id": 23,
    "name": "1ª equipación Juventus 22/23",
    "team": "Juventus",
    "price": 200,
    "priceOffer": 45,
    "img": ".jpg"
  },
  {
    "id": 24,
    "name": "2ª equipación Juventus 22/23",
    "team": "Juventus",
    "price": 200,
    "priceOffer": 45,
    "img": ".jpg"
  },
  {
    "id": 25,
    "name": "1ª equipación Milan 22/23",
    "team": "Milan",
    "price": 200,
    "priceOffer": 45,
    "img": ".jpg"
  },
  {
    "id": 26,
    "name": "2ª equipación Milan 22/23",
    "team": "Milan",
    "price": 200,
    "priceOffer": 45,
    "img": ".jpg"
  },
  {
    "id": 27,
    "name": "1ª equipación Inter  Milan 22/23",
    "team": "Inter Milan",
    "price": 200,
    "priceOffer": 45,
    "img": ".jpg"
  },
  {
    "id": 28,
    "name": "2ª equipación Inter Milan 22/23",
    "team": "Inter Milan",
    "price": 200,
    "priceOffer": 45,
    "img": ".jpg"
  },
  {
    "id": 29,
    "name": "1ª equipación Napoli 22/23",
    "team": "Napoli",
    "price": 200,
    "priceOffer": 45,
    "img": ".jpg"
  },
  {
    "id": 30,
    "name": "2ª equipación Napoli 22/23",
    "team": "Napoli",
    "price": 200,
    "priceOffer": 45,
    "img": ".jpg"
  }
]